event_id,magnitude,depth_km,latitude,longitude,cdi,mmi,sig,nst,dmin,gap,tsunami_flag,year,month
eq_2022_11_0,7,14,-9.7963,159.596,8,7,768,117,0.509,17,1,2022,11
eq_2022_11_1,6.9,25,-4.9559,100.738,4,4,735,99,2.229,34,0,2022,11
eq_2022_11_2,7,579,-20.0508,-178.346,3,3,755,147,3.125,18,1,2022,11
eq_2022_11_3,7.3,37,-19.2918,-172.129,5,5,833,149,1.865,21,1,2022,11
eq_2022_11_4,6.6,624.464,-25.5948,178.278,0,2,670,131,4.998,27,1,2022,11
eq_2022_11_5,7,660,-26.0442,178.381,4,3,755,142,4.578,26,1,2022,11
eq_2022_11_6,6.8,630.379,-25.9678,178.363,1,3,711,136,4.678,22,1,2022,11
eq_2022_10_7,6.7,20,7.6712,-82.3396,7,6,797,145,1.151,37,1,2022,10
eq_2022_9_8,6.8,20,18.33,-102.913,8,7,1179,175,2.137,92,1,2022,9
eq_2022_9_9,7.6,26.943,18.3667,-103.252,9,8,1799,271,1.153,69,1,2022,9
eq_2022_9_10,6.9,10,23.1444,121.307,9,9,887,215,0.401,34,1,2022,9
eq_2022_9_11,6.5,10,23.029,121.348,7,7,756,178,0.43,54,1,2022,9
eq_2022_9_12,7,137,-21.2077,170.239,7,5,761,192,2.977,45,1,2022,9
eq_2022_9_13,7.6,116,-6.2237,146.471,8,8,965,272,3.158,12,1,2022,9
eq_2022_9_14,6.6,12,29.7263,102.279,9,8,1043,141,8.454,34,0,2022,9
eq_2022_8_15,6.6,30,-32.6922,-178.959,7,6,672,68,5.293,34,1,2022,8
eq_2022_7_16,7,33.729,17.5978,120.809,9,8,1351,152,5.276,22,1,2022,7
eq_2022_6_17,6.5,622.73,-9.0618,-71.1647,3,2,653,236,1.999,31,0,2022,6
eq_2022_5_18,7.2,236,-14.8628,-70.3081,7,5,876,144,2.494,40,1,2022,5
eq_2022_5_19,6.9,10,-54.1325,159.027,2,5,733,127,0.371,45,1,2022,5
eq_2022_5_20,6.8,220,-23.6141,-66.7236,6,5,762,162,1.505,30,1,2022,5
eq_2022_4_21,6.6,27,11.5538,-86.9919,6,5,762,0,0.914,94,1,2022,4
eq_2022_3_22,7,10,-22.5732,170.349,6,4,763,0,2.705,26,1,2022,3
eq_2022_3_23,6.9,10,-22.72,170.277,6,4,738,0,2.697,42,1,2022,3
eq_2022_3_24,6.7,24,23.3421,121.636,8,7,806,0,0.289,32,1,2022,3
eq_2022_3_25,7.3,41,37.7015,141.587,9,8,2397,0,2.936,29,1,2022,3
eq_2022_3_26,6.7,28,-0.6831,98.6034,9,6,708,0,2.188,43,0,2022,3
eq_2022_3_27,6.6,24,-30.0528,-177.74,2,7,670,0,0.827,46,1,2022,3
eq_2022_2_28,6.8,535,-23.7852,-179.968,2,3,712,0,5.78,12,1,2022,2
eq_2022_2_29,6.5,110,-4.455,-76.9395,8,6,690,0,3.026,22,0,2022,2
eq_2022_1_30,6.5,8,-29.535,-176.729,7,4,651,0,1.088,57,1,2022,1
eq_2022_1_31,6.6,33,-6.9291,105.251,8,6,785,0,2.418,22,0,2022,1
eq_2022_1_32,6.5,37,52.502,-168.08,0,3,650,97,1.61607,108,1,2022,1
eq_2022_1_33,6.5,37,52.502,-168.08,0,3,650,23,0,208.8,1,2022,1
eq_2022_1_34,6.6,19,52.6252,-168.15,8,5,674,0,0.507,49,1,2022,1
eq_2022_1_35,6.7,33,52.48,-167.736,0,4,691,50,0.936943,126,1,2022,1
eq_2022_1_36,6.7,33,52.48,-167.736,0,4,691,20,0,205.2,1,2022,1
eq_2022_1_37,6.8,20,52.6563,-167.917,7,6,730,0,0.92,61,1,2022,1
eq_2022_1_38,6.6,21,35.1456,31.9095,6,6,976,0,1.168,21,0,2022,1
eq_2022_1_39,6.6,13,37.8167,101.299,9,8,1012,0,2.685,13,0,2022,1
eq_2021_12_40,7.3,165.49,-7.5924,127.581,8,7,921,0,3.713,19,0,2021,12
eq_2021_12_41,7.3,14.27,-7.6033,122.2,9,5,854,0,1.025,32,1,2021,12
eq_2021_11_42,7.5,126,-4.4898,-76.8461,8,8,1094,0,4.951,40,1,2021,11
eq_2021_11_43,6.6,12,23.5414,126.48,7,4,688,0,3.259,15,1,2021,11
eq_2021_10_44,6.9,51.6,56.2581,-156.492,8,6,995,0,0,0,1,2021,10
eq_2021_10_45,6.9,535,-21.1704,174.54,4,3,740,0,4.778,31,1,2021,10
eq_2021_10_46,7.3,527,-21.1036,174.895,4,4,826,0,4.493,32,1,2021,10
eq_2021_9_47,6.5,21,12.1598,-87.8542,7,5,684,0,0.993,114,1,2021,9
eq_2021_9_48,7,20,16.9502,-99.7877,8,8,2504,0,0.07,43,1,2021,9
eq_2021_8_49,7.1,6,-60.3026,-24.9992,1,4,776,0,9.799,32,1,2021,8
eq_2021_8_50,6.6,7,-60.1023,-24.4608,1,3,670,0,8.865,19,1,2021,8
eq_2021_8_51,6.9,93,-14.892,167.085,8,7,741,0,0.579,54,1,2021,8
eq_2021_8_52,6.9,16.7,-58.3814,-23.3318,6,4,734,0,8.363,48,1,2021,8
eq_2021_8_53,7.2,10,18.3521,-73.4804,9,8,2331,0,1.178,23,1,2021,8
eq_2021_8_54,6.9,33.3,55.2364,-157.707,5,4,738,0,0,0,1,2021,8
eq_2021_8_55,6.9,20.74,55.2657,-157.68,5,4,738,0,1.173,36,1,2021,8
eq_2021_8_56,8.1,22.79,-58.4157,-25.3206,0,7,1009,0,7.463,78,0,2021,8
eq_2021_8_57,7.5,47.23,-57.5959,-25.1874,9,6,868,0,7.227,38,1,2021,8
eq_2021_8_58,7.1,55.14,6.4547,126.742,9,7,846,0,1.273,25,1,2021,8
eq_2021_7_59,8.2,46.66,55.4742,-157.917,8,6,1237,0,0.875,66,1,2021,7
eq_2021_7_60,8.2,35,55.3154,-157.829,8,7,1252,0,0,0,1,2021,7
eq_2021_7_61,6.7,110,13.6989,120.713,8,5,935,0,8.139,12,1,2021,7
eq_2021_7_62,6.7,10,7.5904,-82.8813,6,6,830,0,1.395,61,1,2021,7
eq_2021_6_63,6.5,25,-30.2144,-177.773,0,4,650,0,7.994,24,1,2021,6
eq_2021_5_64,6.5,10,-16.4796,-177.356,5,7,652,0,4.518,44,1,2021,5
eq_2021_5_65,7.3,10,34.5861,98.2551,9,9,1025,0,4.655,9,0,2021,5
eq_2021_5_66,6.7,11,0.1684,96.6475,8,4,698,0,1.487,37,0,2021,5
eq_2021_5_67,6.7,10,-17.2495,66.3745,9,3,694,0,10.669,45,0,2021,5
eq_2021_5_68,6.9,43,38.2296,141.665,7,6,919,0,2.619,35,1,2021,5
eq_2021_4_69,6.5,246,-21.6857,-177.064,4,4,651,0,5.931,20,0,2021,4
eq_2021_4_70,6.5,301,-18.9204,-176.235,6,4,652,0,10.405,19,0,2021,4
eq_2021_3_71,7,43,38.4752,141.607,7,7,1052,0,2.378,35,1,2021,3
eq_2021_3_72,6.6,13.23,54.7018,163.208,5,5,672,0,3.183,18,1,2021,3
eq_2021_3_73,6.5,24,-28.4792,-176.619,0,4,650,0,11.764,25,0,2021,3
eq_2021_3_74,8.1,28.93,-29.7466,-177.224,9,8,1021,0,0.739,21,1,2021,3
eq_2021_3_75,7.4,43,-29.6131,-177.842,3,7,843,0,0.437,30,1,2021,3
eq_2021_3_76,7.3,10,-37.596,179.544,7,6,932,0,0.918,24,1,2021,3
eq_2021_2_77,7.1,43.98,37.6856,141.992,9,8,1612,0,3.085,11,1,2021,2
eq_2021_2_78,7.7,10,-23.2787,171.489,9,4,918,0,7.989,15,1,2021,2
eq_2021_1_79,6.9,15,-61.8484,-55.559,9,5,739,0,1.55,16,1,2021,1
eq_2021_1_80,7,80,5.0074,127.517,7,5,802,0,2.821,15,1,2021,1
eq_2021_1_81,6.7,10,51.2407,100.443,8,8,776,0,2.043,22,0,2021,1
eq_2020_12_82,6.7,10,-39.3264,-74.9067,5,5,776,0,1.319,19,1,2020,12
eq_2020_10_83,7,21,37.8973,26.7953,8,7,1527,0,1.518,18,0,2020,10
eq_2020_10_84,7.6,28.37,54.662,-159.675,9,7,1165,0,0.23,36,1,2020,10
eq_2020_9_85,6.9,10,0.9604,-26.8332,0,3,732,0,11.255,16,1,2020,9
eq_2020_9_86,6.5,16,-27.9285,-71.3937,6,6,674,0,0.388,49,0,2020,9
eq_2020_9_87,6.8,21,-28.013,-71.1958,6,7,824,0,0.312,69,1,2020,9
eq_2020_8_88,6.5,10,0.8696,-29.7046,4,5,651,0,15.394,31,0,2020,8
eq_2020_8_89,6.9,624,-6.6704,123.493,4,3,749,0,2.267,20,0,2020,8
eq_2020_8_90,6.9,26,-4.2791,101.215,4,4,735,0,1.716,25,0,2020,8
eq_2020_8_91,6.8,22,-4.3724,101.095,5,4,716,0,1.816,34,0,2020,8
eq_2020_8_92,6.6,10,12.0065,124.13,9,8,784,0,5.128,14,1,2020,8
eq_2020_7_93,7.8,28,55.1079,-158.477,9,7,1111,0,0.621,60,1,2020,7
eq_2020_7_94,7,73,-7.847,147.755,6,7,820,0,1.671,18,1,2020,7
eq_2020_7_95,6.6,533.76,-5.6368,110.678,4,2,684,0,1.458,14,0,2020,7
eq_2020_6_96,7.4,20,15.9163,-95.9533,8,8,1494,0,0.151,30,1,2020,6
eq_2020_6_97,7.4,10,-33.2938,-177.838,7,7,873,0,4.035,23,1,2020,6
eq_2020_6_98,6.6,165,28.9386,128.262,5,4,734,0,2.015,18,1,2020,6
eq_2020_6_99,6.8,112,-23.2966,-68.4204,6,6,835,0,1.164,21,1,2020,6
eq_2020_5_100,6.5,2.7,38.1689,-117.85,7,8,1320,27,0.357,55.79,0,2020,5
eq_2020_5_101,6.6,107,-12.0662,166.648,4,6,671,0,3.403,12,1,2020,5
eq_2020_5_102,6.8,96,-6.7762,129.785,4,6,738,0,1.921,16,0,2020,5
eq_2020_5_103,6.5,10,34.1818,25.7101,7,6,678,0,1.293,19,0,2020,5
eq_2020_3_104,6.5,12.06,44.4646,-115.118,8,8,1410,0,0.885,31,0,2020,3
eq_2020_3_105,7.5,57.8,48.9638,157.695,6,5,879,0,4.109,12,1,2020,3
eq_2020_2_106,7,143,45.6161,148.959,5,6,770,0,4.501,25,1,2020,2
eq_2020_1_107,7.7,14.86,19.4193,-78.756,9,6,1812,0,1.657,26,1,2020,1
eq_2020_1_108,6.7,10,38.4312,39.0609,8,9,1247,0,0.87,49,0,2020,1
eq_2019_12_109,6.8,18,6.6969,125.174,9,7,825,0,0.546,39,1,2019,12
eq_2019_11_110,7.1,33,1.6213,126.416,6,6,799,0,1.271,11,1,2019,11
eq_2019_11_111,6.5,577,-21.9449,-179.511,0,2,650,0,4.765,25,0,2019,11
eq_2019_11_112,6.6,10,-18.5747,-175.272,4,4,673,0,5.086,48,1,2019,11
eq_2019_10_113,6.5,10,6.9098,125.178,9,7,733,0,0.428,19,1,2019,10
eq_2019_10_114,6.6,15,6.7567,125.008,9,7,780,0,0.646,24,1,2019,10
eq_2019_9_115,6.7,11,-35.4758,-73.163,7,6,844,0,1.269,98,1,2019,9
eq_2019_9_116,6.5,12.26,-3.4528,128.37,7,7,656,0,3.909,15,1,2019,9
eq_2019_9_117,6.6,591,-20.3641,-178.57,2,3,671,0,4.121,19,1,2019,9
eq_2019_8_118,6.6,16,-60.2152,-26.5801,0,4,670,0,12.896,19,1,2019,8
eq_2019_8_119,6.9,49,-7.2822,104.791,4,6,875,0,2.839,23,0,2019,8
eq_2019_8_120,6.8,25,-34.2364,-72.3102,6,6,947,0,0.817,35,1,2019,8
eq_2019_7_121,6.6,181,-16.1985,167.998,0,4,670,0,6.024,30,1,2019,7
eq_2019_7_122,7.2,18.98,-0.5858,128.034,7,7,809,0,1.504,38,1,2019,7
eq_2019_7_123,6.6,10,-18.2242,120.358,5,5,791,0,2.978,32,0,2019,7
eq_2019_7_124,6.9,35,0.5126,126.189,7,5,747,0,1.205,21,0,2019,7
eq_2019_7_125,7.1,8,35.7695,-117.599,9,9,1646,77,0.04616,43,0,2019,7
eq_2019_6_126,7.3,212,-6.4078,129.169,4,6,952,0,2.629,16,1,2019,6
eq_2019_6_127,7.3,46,-30.6441,-178.1,8,6,830,0,1.402,11,1,2019,6
eq_2019_5_128,6.6,57.92,13.1994,-89.3056,7,6,886,0,1.193,22,1,2019,5
eq_2019_5_129,8,122.57,-5.8119,-75.2697,9,8,1890,0,3.18,17,1,2019,5
eq_2019_5_130,7.6,10,-4.051,152.597,7,7,929,0,0.453,16,1,2019,5
eq_2019_5_131,7.1,146,-6.9746,146.449,7,6,826,0,2.514,16,1,2019,5
eq_2019_4_132,6.8,15.46,-1.8146,122.58,5,6,717,0,0.791,28,1,2019,4
eq_2019_4_133,6.5,38,-58.6262,-25.304,0,5,650,0,7.568,18,1,2019,4
eq_2019_3_134,7,267,-14.7131,-70.1546,7,4,869,0,2.501,42,1,2019,3
eq_2019_2_135,7.5,145,-2.1862,-77.0505,7,7,1145,0,2.045,15,1,2019,2
eq_2019_2_136,6.7,66,14.6802,-92.4527,6,6,909,0,0.289,43,1,2019,2
eq_2019_1_137,6.7,13,-43.1219,42.3568,0,3,691,0,7.527,17,0,2019,1
eq_2019_1_138,6.7,63,-30.0404,-71.3815,8,8,1600,0,0.173,22,1,2019,1
eq_2019_1_139,6.6,35,-13.336,166.875,5,4,671,0,7.818,18,1,2019,1
eq_2019_1_140,6.6,43.21,2.258,126.758,2,4,672,0,1.596,33,1,2019,1
eq_2019_1_141,6.8,570.41,-8.144,-71.587,3,3,715,0,1.181,16,0,2019,1
eq_2018_12_142,7,60.21,5.8983,126.921,5,5,803,0,1.769,21,1,2018,12
eq_2018_12_143,7.3,16.56,55.0999,164.699,3,7,822,0,4.126,23,1,2018,12
eq_2018_12_144,7.1,133,-58.5446,-26.3856,0,5,776,0,7.043,20,1,2018,12
eq_2018_12_145,6.6,10,-22.0629,169.733,0,4,670,0,2.679,31,1,2018,12
eq_2018_12_146,7.5,10,-21.9496,169.427,3,6,871,0,2.405,18,1,2018,12
eq_2018_11_147,7.1,46.7,61.3464,-149.955,8,8,1790,0,0,0,1,2018,11
eq_2018_11_148,6.8,540,-17.8735,-178.927,0,3,711,0,2.879,39,1,2018,11
eq_2018_11_149,6.7,10,71.6312,-11.2431,3,4,693,0,7.853,19,1,2018,11
eq_2018_10_150,6.8,14,37.5203,20.5565,8,7,954,0,2.268,15,0,2018,10
eq_2018_10_151,6.5,10,49.297,-129.724,2,4,655,0,1.692,68,0,2018,10
eq_2018_10_152,6.8,10,49.3346,-129.289,4,4,776,0,1.505,36,1,2018,10
eq_2018_10_153,6.5,10,49.2586,-129.412,3,4,669,0,1.611,63,1,2018,10
eq_2018_10_154,6.5,17,-21.7427,169.522,0,4,650,0,2.109,22,1,2018,10
eq_2018_10_155,6.7,461,52.8549,153.243,0,3,691,0,2.705,17,1,2018,10
eq_2018_10_156,6.5,20,49.2902,156.297,0,4,650,0,3.923,14,1,2018,10
eq_2018_10_157,7,39,-5.7012,151.205,6,6,758,0,1.778,18,1,2018,10
eq_2018_9_158,6.7,550,-18.3604,-178.063,2,3,691,0,3.745,23,1,2018,9
eq_2018_9_159,7.5,20,-0.2559,119.846,8,8,2026,0,1.649,13,0,2018,9
eq_2018_9_160,6.5,576,-25.415,178.199,4,1,651,0,5.139,18,0,2018,9
eq_2018_9_161,6.9,115,-31.7447,-179.373,3,4,735,0,2.785,18,0,2018,9
eq_2018_9_162,6.5,68,-10.0207,161.503,3,6,651,0,1.638,25,1,2018,9
eq_2018_9_163,7.9,670.81,-18.4743,179.35,7,4,979,0,1.431,12,1,2018,9
eq_2018_9_164,6.6,35,42.6861,141.929,8,9,1075,0,1.13,32,1,2018,9
eq_2018_8_165,7.1,21.43,-22.0295,170.126,2,5,776,0,2.548,23,1,2018,8
eq_2018_8_166,7.1,630,-11.0355,-70.8284,0,3,776,0,3.77,12,0,2018,8
eq_2018_8_167,6.5,9,-16.0315,168.143,6,7,652,0,4.797,10,1,2018,8
eq_2018_8_168,7.3,146.82,10.7731,-62.9019,8,6,1570,0,1.822,15,1,2018,8
eq_2018_8_169,6.9,21,-8.319,116.627,7,7,1206,0,2.453,31,0,2018,8
eq_2018_8_170,8.2,600,-18.1125,-178.153,5,4,1050,0,3.63,13,1,2018,8
eq_2018_8_171,6.5,529,-7.3718,119.802,5,3,743,0,2.719,23,0,2018,8
eq_2018_8_172,6.5,33.93,51.4234,-178.026,6,6,655,0,0.576,22,1,2018,8
eq_2018_8_173,6.9,34,-8.2581,116.438,9,8,1704,0,2.271,15,0,2018,8
eq_2018_5_174,6.9,5.81,19.3182,-155,7,8,1392,63,0.11,210,1,2018,5
eq_2018_4_175,6.8,559,-20.6588,-63.0058,5,3,733,0,5.32,16,0,2018,4
eq_2018_3_176,6.9,35,-5.5321,151.5,9,6,741,0,1.487,18,1,2018,3
eq_2018_3_177,6.7,40,-5.5024,151.402,5,6,696,0,1.507,15,1,2018,3
eq_2018_3_178,6.8,22.86,-4.3762,153.2,6,6,719,0,1.049,16,1,2018,3
eq_2018_3_179,6.7,20.49,-6.3043,142.612,8,7,697,0,5.457,19,1,2018,3
eq_2018_2_180,7.5,25.21,-6.0699,142.754,9,8,943,0,5.48,17,1,2018,2
eq_2018_2_181,7.2,22,16.3855,-97.9787,7,7,1384,0,0.142,82,1,2018,2
eq_2018_1_182,7.9,14.06,56.0039,-149.166,9,4,1870,0,2.585,30,1,2018,1
eq_2018_1_183,7.1,39,-15.7675,-74.7092,9,7,1075,0,4.29,23,1,2018,1
eq_2018_1_184,7.5,19,17.4825,-83.52,8,5,1623,0,4.581,12,1,2018,1
eq_2017_12_185,6.5,90,-7.4921,108.174,8,7,998,0,2.365,28,0,2017,12
eq_2017_12_186,6.5,17,-54.2189,2.1628,1,5,651,0,17.654,23,1,2017,12
eq_2017_11_187,7,10,-21.3246,168.671,4,6,771,0,0.617,14,1,2017,11
eq_2017_11_188,6.6,13,-21.5027,168.598,4,5,676,0,0.529,21,1,2017,11
eq_2017_11_189,6.5,19.36,9.5147,-84.4865,8,8,1153,0,0.225,37,1,2017,11
eq_2017_11_190,7.3,19,34.9109,45.9592,8,9,2790,0,0.284,33,0,2017,11
eq_2017_11_191,6.5,110.57,-4.2433,143.485,6,5,661,0,4.449,10,1,2017,11
eq_2017_11_192,6.8,10,-15.3197,-173.168,5,5,727,0,4.852,21,1,2017,11
eq_2017_11_193,6.6,22,-21.6484,168.859,3,5,674,0,0.788,29,1,2017,11
eq_2017_10_194,6.7,24,-21.6971,169.148,3,4,691,0,1.062,55,1,2017,10
eq_2017_10_195,6.7,553.81,-7.2168,123.074,3,3,694,0,1.634,16,0,2017,10
eq_2017_10_196,6.5,119,52.3909,176.769,3,5,651,0,1.154,11,1,2017,10
eq_2017_9_197,7.1,48,18.5499,-98.4887,9,8,1686,0,0.984,23,0,2017,9
eq_2017_9_198,8.2,47.39,15.0222,-93.8993,9,7,2910,0,0.944,22,1,2017,9
eq_2017_8_199,6.5,9,33.1926,103.855,5,7,707,0,11.411,22,0,2017,8
eq_2017_7_200,6.6,7,36.9293,27.4139,7,7,1064,0,0.913,16,0,2017,7
eq_2017_7_201,7.7,10,54.4434,168.857,8,7,918,0,3.564,13,1,2017,7
eq_2017_7_202,6.6,10,-49.4837,164.016,5,4,704,0,3.773,37,1,2017,7
eq_2017_7_203,6.5,9,11.1269,124.629,9,8,740,0,4.139,30,1,2017,7
eq_2017_6_204,6.8,38.12,13.7174,-90.9718,6,6,1034,0,1.065,38,1,2017,6
eq_2017_6_205,6.9,93,14.9091,-92.0092,8,6,1188,0,0.247,35,1,2017,6
eq_2017_6_206,6.8,5,54.0312,170.92,0,4,711,0,2.308,12,1,2017,6
eq_2017_5_207,6.6,12,-1.2923,120.431,7,7,678,0,2.353,18,0,2017,5
eq_2017_5_208,6.5,15,-56.414,-25.7432,0,4,650,0,6.489,17,1,2017,5
eq_2017_5_209,6.8,169,-14.5884,167.377,6,5,713,0,7.495,19,1,2017,5
eq_2017_4_210,6.9,26,5.5043,125.066,9,6,814,0,1.636,14,1,2017,4
eq_2017_4_211,6.9,28,-33.0375,-72.0617,9,7,1642,0,0.356,39,1,2017,4
eq_2017_4_212,6.5,29,-22.6784,25.1558,7,8,1297,0,2.36,15,0,2017,4
eq_2017_3_213,6.6,17,56.9401,162.786,6,7,671,0,4.591,14,1,2017,3
eq_2017_2_214,6.9,414.5,-23.2593,-178.804,2,3,733,0,6.012,19,1,2017,2
eq_2017_2_215,6.5,595.98,-19.2814,-63.9047,3,3,653,0,4.242,14,0,2017,2
eq_2017_2_216,6.5,15,9.9071,125.452,8,7,718,0,2.822,36,1,2017,2
eq_2017_1_217,7.9,135,-6.2464,155.172,9,7,987,0,3.625,9,1,2017,1
eq_2017_1_218,6.5,36,-10.3506,161.335,6,6,654,0,1.64,21,1,2017,1
eq_2017_1_219,7.3,627.17,4.4782,122.617,6,3,849,0,3.813,18,1,2017,1
eq_2017_1_220,6.9,12,-19.3733,176.052,6,4,742,0,2.495,13,1,2017,1
eq_2016_12_221,7.6,38,-43.4064,-73.9413,9,8,1152,0,0.355,29,1,2016,12
eq_2016_12_222,6.7,152,-7.5082,127.921,5,5,726,0,3.38,17,0,2016,12
eq_2016_12_223,7.9,94.54,-4.5049,153.522,9,7,972,0,1.389,13,1,2016,12
eq_2016_12_224,6.9,19.73,-10.749,161.132,8,6,737,0,1.747,26,1,2016,12
eq_2016_12_225,6.5,12.26,-10.8416,161.314,0,5,650,0,1.937,18,0,2016,12
eq_2016_12_226,7.8,40,-10.6812,161.327,9,8,961,0,1.836,13,1,2016,12
eq_2016_12_227,6.6,8.45,40.4535,-126.194,5,4,1120,0,1.405,55,1,2016,12
eq_2016_12_228,6.5,13,5.2834,96.1678,9,8,731,0,0.778,27,0,2016,12
eq_2016_11_229,6.6,17,39.2732,73.9776,8,7,693,0,1.697,20,0,2016,11
eq_2016_11_230,6.9,10,11.9097,-88.8968,5,4,855,0,1.796,20,1,2016,11
eq_2016_11_231,6.9,9,37.3931,141.387,9,6,1144,0,0.671,10,1,2016,11
eq_2016_11_232,6.5,9,-42.6058,173.254,7,7,664,0,0.283,56,1,2016,11
eq_2016_11_233,6.5,10,-42.3205,173.669,6,7,656,0,0.135,58,1,2016,11
eq_2016_11_234,7.8,15.11,-42.7373,173.054,9,9,1545,0,0.481,21,1,2016,11
eq_2016_10_235,6.6,8,42.8621,13.0961,9,8,2840,0,0.174,25,0,2016,10
eq_2016_10_236,6.6,614,-4.8626,108.163,3,3,677,0,2.022,16,0,2016,10
eq_2016_10_237,6.8,42,-6.0033,148.887,3,6,716,0,3.727,11,1,2016,10
eq_2016_9_238,6.9,596.4,-19.7819,-178.244,2,3,733,0,4.051,9,1,2016,9
eq_2016_9_239,7,19,-37.3586,179.146,5,6,897,0,0.698,21,1,2016,9
eq_2016_8_240,6.8,476,-3.6849,152.792,4,3,713,0,0.803,12,1,2016,8
eq_2016_8_241,6.8,82,20.9228,94.569,6,6,981,0,1.802,17,0,2016,8
eq_2016_8_242,7.2,16.37,-22.4765,173.117,6,5,799,0,4.823,14,1,2016,8
eq_2016_7_243,7.7,196,18.5429,145.507,5,6,971,0,3.294,14,1,2016,7
eq_2016_6_244,6.6,50,-2.0967,100.665,4,6,671,0,2.435,16,0,2016,6
eq_2016_5_245,7.2,78,-56.2409,-26.9353,1,6,798,0,5.803,24,1,2016,5
eq_2016_5_246,6.9,405.69,-21.9724,-178.204,3,3,733,0,5.485,19,1,2016,5
eq_2016_5_247,6.9,29.95,0.4947,-79.616,8,7,780,0,1.192,17,1,2016,5
eq_2016_5_248,6.7,16,0.4261,-79.7899,5,7,744,0,1.352,21,1,2016,5
eq_2016_4_249,7,24,-16.0429,167.379,7,7,755,0,0.616,14,1,2016,4
eq_2016_4_250,7.8,20.59,0.3819,-79.9218,9,9,1163,0,1.44,15,1,2016,4
eq_2016_4_251,7,10,32.7906,130.754,9,9,2074,0,0.349,32,1,2016,4
eq_2016_4_252,6.9,136,23.0944,94.8654,6,6,903,0,3.001,14,0,2016,4
eq_2016_4_253,6.6,212,36.4725,71.1311,6,4,738,0,0.789,17,0,2016,4
eq_2016_4_254,6.7,27.59,-13.9805,166.594,7,5,692,0,6.787,25,1,2016,4
eq_2016_4_255,6.7,24,-14.0683,166.624,7,6,691,0,6.697,19,1,2016,4
eq_2016_4_256,6.9,26,-14.3235,166.855,7,6,734,0,1.166,25,1,2016,4
eq_2016_3_257,7.8,24,-4.9521,94.3299,4,3,948,0,7.009,20,0,2016,3
eq_2016_1_258,7.2,177,53.9776,158.546,3,7,799,0,0.958,17,1,2016,1
eq_2016_1_259,7.1,125.6,59.6204,-153.339,7,7,1496,0,0,0,1,2016,1
eq_2016_1_260,6.6,10,18.8239,-106.934,3,4,673,0,2.413,74,1,2016,1
eq_2016_1_261,6.7,46,41.9723,142.781,5,6,717,0,0.281,22,1,2016,1
eq_2016_1_262,6.5,13,3.8965,126.862,3,6,651,0,3.144,22,1,2016,1
eq_2016_1_263,6.7,55,24.8036,93.6505,8,7,1515,0,1.794,16,0,2016,1
eq_2015_12_264,6.6,85,15.8015,-93.633,8,6,765,0,0.41,35,1,2015,12
eq_2015_12_265,6.9,21,-4.1064,129.508,8,5,738,0,2.979,14,0,2015,12
eq_2015_12_266,7.2,22,38.2107,72.7797,4,7,827,0,1.116,18,0,2015,12
eq_2015_11_267,6.7,602.75,-9.1825,-71.2574,2,3,691,0,2.033,19,0,2015,11
eq_2015_11_268,7.6,620.56,-10.0598,-71.0184,5,4,896,0,2.852,10,0,2015,11
eq_2015_11_269,7.6,606.21,-10.5372,-70.9437,6,5,957,0,3.287,10,1,2015,11
eq_2015_11_270,6.8,12.59,-8.8994,158.422,5,6,715,0,1.599,19,1,2015,11
eq_2015_11_271,6.5,11,38.67,20.6,7,7,1018,0,0,0,0,2015,11
eq_2015_11_272,6.7,12,31.0009,128.873,5,4,702,0,1.444,17,0,2015,11
eq_2015_11_273,6.9,10,-29.5097,-72.0585,5,6,744,0,0.821,43,0,2015,11
eq_2015_11_274,6.9,12,-29.5067,-72.0068,6,6,761,0,0.784,32,1,2015,11
eq_2015_11_275,6.6,10,6.8431,94.648,7,4,675,0,2.792,31,0,2015,11
eq_2015_11_276,6.8,46,-30.8796,-71.4519,7,7,841,0,0.258,41,1,2015,11
eq_2015_11_277,6.5,20,-8.3381,124.875,5,7,657,0,1.53,21,0,2015,11
eq_2015_10_278,7.5,231,36.5244,70.3676,8,7,1448,0,0.622,18,0,2015,10
eq_2015_10_279,7.1,135,-14.8595,167.303,6,6,780,0,0.592,11,1,2015,10
eq_2015_9_280,6.6,18,-0.6212,131.262,7,7,671,0,2.486,13,0,2015,9
eq_2015_9_281,6.6,35,-31.7275,-71.3792,5,7,820,0,1.064,14,1,2015,9
eq_2015_9_282,6.7,23,-31.5173,-71.804,5,7,718,0,0.853,35,0,2015,9
eq_2015_9_283,6.5,27,-31.4244,-71.6876,6,7,657,0,0.749,62,0,2015,9
eq_2015_9_284,7,28.41,-31.5622,-71.4262,8,7,799,0,0.903,13,0,2015,9
eq_2015_9_285,8.3,22.44,-31.5729,-71.6744,9,8,1960,0,0.684,19,1,2015,9
eq_2015_9_286,6.7,10,24.913,-109.623,5,5,708,0,1.256,123,1,2015,9
eq_2015_8_287,6.5,6.43,-9.3293,157.877,0,5,650,0,2.045,16,1,2015,8
eq_2015_8_288,6.6,22,-9.3438,158.053,3,5,671,0,1.872,20,1,2015,8
eq_2015_7_289,7,48,-2.6286,138.528,9,7,762,0,6.278,12,1,2015,7
eq_2015_7_290,6.9,29,52.376,-169.446,4,7,734,0,0.444,39,1,2015,7
eq_2015_7_291,7,11,-10.4012,165.141,8,6,759,0,5.205,22,1,2015,7
eq_2015_7_292,6.5,20,13.8672,-58.5479,4,4,686,0,1.218,20,1,2015,7
eq_2015_7_293,6.7,12,-9.307,158.403,4,5,691,0,1.529,11,1,2015,7
eq_2015_6_294,6.5,460,27.7375,139.725,3,4,652,0,2.277,11,0,2015,6
eq_2015_5_295,7.8,664,27.8386,140.493,6,3,1151,0,1.675,12,1,2015,5
eq_2015_5_296,6.8,72.6,56.594,-156.43,5,6,762,0,0,0,1,2015,5
eq_2015_5_297,6.8,10,-11.1093,163.215,1,5,711,0,3.619,18,1,2015,5
eq_2015_5_298,6.9,11.19,-11.0559,163.696,1,4,732,0,4.024,22,1,2015,5
eq_2015_5_299,6.8,11,-10.8759,164.169,1,4,711,0,4.395,15,1,2015,5
eq_2015_5_300,6.8,35,38.9056,142.032,8,6,831,0,1.422,8,1,2015,5
eq_2015_5_301,7.3,15,27.8087,86.0655,8,7,1563,0,0.677,11,0,2015,5
eq_2015_5_302,7.1,10,-7.2175,154.557,1,6,776,0,3.835,11,1,2015,5
eq_2015_5_303,7.5,55,-5.4624,151.875,7,8,869,0,1.295,22,1,2015,5
eq_2015_5_304,6.8,44,-5.2005,151.777,5,6,714,0,1.074,23,1,2015,5
eq_2015_4_305,6.7,31,-5.375,151.771,5,6,692,0,1.239,12,1,2015,4
eq_2015_4_306,6.7,22.91,27.7711,86.0173,7,7,1016,0,0.727,13,0,2015,4
eq_2015_4_307,6.6,10,28.2244,84.8216,8,7,733,0,1.778,16,0,2015,4
eq_2015_4_308,7.8,8.22,28.2305,84.7314,8,9,2820,0,1.857,12,0,2015,4
eq_2015_4_309,6.5,10,-15.8815,-178.6,0,5,650,0,3.702,42,1,2015,4
eq_2015_3_310,6.5,11,-15.4994,-173.029,2,5,650,0,4.629,36,1,2015,3
eq_2015_3_311,7.5,41,-4.7294,152.562,6,7,872,0,0.666,19,1,2015,3
eq_2015_2_312,7,552.06,-7.2968,122.535,4,6,760,0,1.362,12,0,2015,2
eq_2015_2_313,6.7,23,39.8558,142.881,5,5,714,0,1.925,20,1,2015,2
eq_2015_2_314,6.7,223,-23.1125,-66.688,4,6,700,0,2.11,16,1,2015,2
eq_2015_1_315,6.8,219.96,-17.0309,168.52,1,4,711,0,2.019,13,1,2015,1
eq_2015_1_316,6.5,8,5.9045,-82.6576,1,4,650,0,4.318,61,1,2015,1
eq_2014_12_317,6.6,20,7.9401,-82.6865,7,6,709,0,2.485,43,1,2014,12
eq_2014_12_318,6.6,23,-6.5108,154.46,1,5,670,0,3.246,12,1,2014,12
eq_2014_12_319,6.6,614,6.1572,123.126,1,3,670,0,2.6,9,0,2014,12
eq_2014_11_320,6.8,39,1.9604,126.575,6,5,713,0,1.421,19,1,2014,11
eq_2014_11_321,6.5,35,2.2999,127.056,5,5,652,0,1.549,9,1,2014,11
eq_2014_11_322,6.7,22,-37.6478,179.662,7,4,698,0,1.079,25,1,2014,11
eq_2014_11_323,7.1,45,1.8929,126.522,4,6,779,0,1.397,18,1,2014,11
eq_2014_11_324,6.6,53.19,-5.9873,148.232,2,6,671,0,3.557,13,1,2014,11
eq_2014_11_325,7.1,434,-19.6903,-177.759,3,6,776,0,4.415,13,1,2014,11
eq_2014_10_326,7.3,40,12.5262,-88.1225,8,6,982,0,1.078,18,1,2014,10
eq_2014_9_327,6.7,130,13.7641,144.429,5,5,724,0,0.46,11,1,2014,9
eq_2014_8_328,6.8,101,-14.598,-73.5714,6,6,741,0,4.107,18,1,2014,8
eq_2014_8_329,6.9,13,0.8295,146.169,0,4,732,0,6.393,12,1,2014,8
eq_2014_7_330,6.9,615.42,-19.8015,-178.4,0,6,732,0,3.934,15,1,2014,7
eq_2014_7_331,6.5,20,37.0052,142.452,5,4,706,0,2.421,9,1,2014,7
eq_2014_7_332,6.9,53,14.724,-92.4614,8,7,1079,0,0.263,51,1,2014,7
eq_2014_7_333,6.5,20,-6.2304,152.807,0,4,650,0,2.124,15,1,2014,7
eq_2014_6_334,6.7,18,-14.9831,-175.51,0,5,691,0,6.713,45,1,2014,6
eq_2014_6_335,6.9,8,-55.4703,-28.3669,0,5,732,0,4.838,25,1,2014,6
eq_2014_6_336,7.9,109,51.8486,178.735,6,8,963,0,0.133,22,1,2014,6
eq_2014_6_337,6.7,26.59,-29.9414,-177.607,0,5,691,0,0.748,43,0,2014,6
eq_2014_6_338,6.5,10,-29.9379,-177.516,0,5,650,0,0.778,30,0,2014,6
eq_2014_6_339,6.9,20,-29.9772,-177.725,0,5,732,0,0.751,35,1,2014,6
eq_2014_5_340,6.9,6.43,40.2893,25.3889,9,7,951,0,0.402,25,0,2014,5
eq_2014_5_341,6.5,10,7.2096,-82.3045,7,5,694,0,3.121,33,1,2014,5
eq_2014_5_342,6.6,106,-21.4542,170.355,0,5,670,0,3.34,10,1,2014,5
eq_2014_4_343,6.5,10,49.6388,-127.732,4,6,838,0,0,0,1,2014,4
eq_2014_4_344,7.5,43.37,-6.7547,155.024,0,6,865,0,3.82,16,1,2014,4
eq_2014_4_345,6.6,29,-6.6558,155.087,0,6,670,0,3.803,11,1,2014,4
eq_2014_4_346,7.2,24,17.397,-100.972,8,7,1017,0,2.25,46,1,2014,4
eq_2014_4_347,6.6,10,-11.1284,162.052,0,6,670,0,2.666,22,0,2014,4
eq_2014_4_348,7.4,39,-11.4633,162.051,0,6,842,0,2.885,17,1,2014,4
eq_2014_4_349,7.6,22.56,-11.2701,162.148,0,7,889,0,2.828,13,1,2014,4
eq_2014_4_350,6.6,135,11.642,-85.8779,6,5,677,0,0.761,20,1,2014,4
eq_2014_4_351,6.5,20,-6.7878,154.95,0,6,650,0,3.787,16,1,2014,4
eq_2014_4_352,7.1,60.53,-6.5858,155.048,0,7,776,0,3.729,21,1,2014,4
eq_2014_4_353,7.7,22.4,-20.5709,-70.4931,8,9,1057,0,1.029,44,1,2014,4
eq_2014_4_354,6.5,24.07,-20.3113,-70.5756,7,7,670,0,0.828,82,0,2014,4
eq_2014_4_355,6.9,28.42,-19.8927,-70.9455,0,5,732,0,0.828,119,0,2014,4
eq_2014_4_356,8.2,25,-19.6097,-70.7691,9,8,1332,0,0.609,23,1,2014,4
eq_2014_3_357,6.7,20,-19.9807,-70.7022,7,7,718,0,1.008,44,1,2014,3
eq_2014_3_358,6.8,16.441,40.8287,-125.134,5,5,1211,112,0.6568,229,1,2014,3
eq_2014_3_359,6.5,119,27.4312,127.367,4,5,668,0,1.001,17,1,2014,3
eq_2014_2_360,6.5,14.83,14.6682,-58.9272,5,4,681,0,1.635,30,1,2014,2
eq_2014_2_361,6.9,10,35.9053,82.5864,3,8,733,0,7.496,18,0,2014,2
eq_2014_2_362,6.5,122,-15.0691,167.372,0,5,650,0,0.409,20,1,2014,2
eq_2014_2_363,6.5,44.26,-32.9076,-177.881,0,3,650,0,3.651,22,1,2014,2
eq_2014_1_364,6.5,187,-13.8633,167.249,0,4,650,0,3.997,14,1,2014,1
eq_2013_11_365,6.5,371,-17.1171,-176.545,3,4,651,0,5.194,22,0,2013,11
eq_2013_11_366,7.7,10,-60.2738,-46.4011,1,8,912,0,8.05,23,1,2013,11
eq_2013_11_367,6.9,9.97,-60.2627,-47.0621,0,5,732,0,8.284,17,1,2013,11
eq_2013_10_368,6.6,27,-30.2921,-71.5215,6,7,723,0,0.636,31,1,2013,10
eq_2013_10_369,7.1,35,37.1557,144.661,6,4,872,0,3.968,10,1,2013,10
eq_2013_10_370,6.6,9.45,26.0913,-110.321,8,5,692,0,1.98,44,1,2013,10
eq_2013_10_371,6.8,35,-6.4456,154.931,0,6,711,0,5.79,9,1,2013,10
eq_2013_10_372,7.1,19.04,9.8796,124.117,9,8,1092,0,3.144,12,1,2013,10
eq_2013_10_373,6.6,40,35.5142,23.2523,5,6,691,0,1.984,40,0,2013,10
eq_2013_10_374,6.7,573,53.1995,152.786,0,3,691,0,2.958,11,0,2013,10
eq_2013_9_375,6.5,41.54,-30.9255,-178.323,0,4,650,0,1.709,21,1,2013,9
eq_2013_9_376,6.8,12,27.1825,65.5052,7,7,1005,0,7.359,17,0,2013,9
eq_2013_9_377,7.1,40,-15.8385,-74.5112,8,7,843,0,4.446,17,1,2013,9
eq_2013_9_378,7.7,15,26.951,65.5009,5,8,2015,0,7.241,17,0,2013,9
eq_2013_9_379,6.5,20,51.5573,-174.767,0,6,650,0,0.735,24,1,2013,9
eq_2013_9_380,6.5,402,29.9377,138.833,5,3,739,0,3.276,26,0,2013,9
eq_2013_9_381,6.5,112,-7.44,128.221,4,5,668,0,3.097,11,0,2013,9
eq_2013_8_382,7,29,51.537,-175.23,5,6,758,0,0.624,53,0,2013,8
eq_2013_8_383,6.5,8.2,-41.734,174.152,9,7,690,0,0,0,1,2013,8
eq_2013_8_384,6.7,12,5.7732,-78.1999,4,5,715,0,3.741,22,1,2013,8
eq_2013_7_385,6.5,17,-41.704,174.337,6,7,693,229,0,20,1,2013,7
eq_2013_7_386,7.3,11,-60.857,-25.07,0,6,820,398,0,43,1,2013,7
eq_2013_7_387,6.6,56,-6.029,149.706,4,6,674,139,0,14,0,2013,7
eq_2013_7_388,7.3,385.5,-3.917,153.927,0,4,820,117,0,24,1,2013,7
eq_2013_6_389,6.6,10,10.701,-42.594,0,7,670,111,0,16,1,2013,6
eq_2013_6_390,6.5,30,11.763,-86.926,5,6,679,698,0,27,1,2013,6
eq_2013_6_391,6.7,9,-10.004,107.236,5,4,710,515,0,24,0,2013,6
eq_2013_5_392,6.7,624,52.235,151.444,0,3,691,217,0,25.2,1,2013,5
eq_2013_5_393,8.3,598.1,54.892,153.221,5,5,1115,385,0,10,1,2013,5
eq_2013_5_394,7.4,173.7,-23.009,-177.232,0,6,842,626,0,16,1,2013,5
eq_2013_5_395,6.8,602.2,18.728,145.288,0,3,711,131,0,18,0,2013,5
eq_2013_4_396,6.5,10,-3.898,152.127,0,6,650,264,0,16.6,1,2013,4
eq_2013_4_397,6.6,14,30.308,102.888,8,8,2083,548,0,12.6,0,2013,4
eq_2013_4_398,7.2,110,46.221,150.788,5,7,804,770,0,10.1,1,2013,4
eq_2013_4_399,6.6,13,-3.214,142.542,7,7,672,445,0,11,1,2013,4
eq_2013_4_400,7.7,80,28.033,61.996,8,8,1421,506,0,26.6,0,2013,4
eq_2013_4_401,6.6,31,-6.475,154.607,0,5,670,491,0,11.5,1,2013,4
eq_2013_4_402,7,66,-3.517,138.476,3,7,755,640,0,11.4,1,2013,4
eq_2013_3_403,6.5,28,-6.598,148.174,0,6,650,317,0,14.2,1,2013,3
eq_2013_3_404,6.5,29,50.958,157.408,3,6,651,480,0,20.7,0,2013,3
eq_2013_2_405,6.9,41,50.954,157.283,5,6,736,531,0,20.7,1,2013,2
eq_2013_2_406,6.6,11,67.631,142.508,0,7,670,697,0,15.3,1,2013,2
eq_2013_2_407,6.6,18,-10.994,165.741,0,6,670,421,0,16.6,1,2013,2
eq_2013_2_408,6.9,145,1.135,-77.393,5,5,904,562,0,23.7,1,2013,2
eq_2013_2_409,7.1,21,-10.928,166.018,9,6,780,334,0,16.5,1,2013,2
eq_2013_2_410,6.8,12,-10.838,165.969,0,7,711,400,0,17.5,1,2013,2
eq_2013_2_411,6.7,11,-10.997,165.655,0,6,691,387,0,26.5,1,2013,2
eq_2013_2_412,7,8.8,-10.499,165.588,0,6,754,445,0,17.5,0,2013,2
eq_2013_2_413,7.1,10,-11.183,164.882,0,5,776,550,0,18.4,0,2013,2
eq_2013_2_414,8,24,-10.799,165.114,8,7,993,460,0,20.9,1,2013,2
eq_2013_2_415,6.9,107,42.77,143.092,6,7,814,686,0,28,0,2013,2
eq_2013_1_416,6.8,45,-28.094,-70.653,6,7,771,596,0,19.3,0,2013,1
eq_2013_1_417,7.5,8.7,55.228,-134.859,6,6,1425,0,0,0,0,2013,1
eq_2012_12_418,6.7,200.7,-14.344,167.286,0,4,691,521,0,13.7,0,2012,12
eq_2012_12_419,7.1,155,-6.533,129.825,5,5,843,517,0,8.7,0,2012,12
eq_2012_12_420,7.3,31,37.89,143.949,6,5,1014,918,0,14.8,0,2012,12
eq_2012_11_421,6.5,20,14.129,-92.164,4,5,708,598,0,57.3,0,2012,11
eq_2012_11_422,6.8,13.7,23.005,95.885,7,6,795,391,0,13.7,0,2012,11
eq_2012_11_423,7.4,24,13.988,-91.895,8,7,1455,751,0,25.5,0,2012,11
eq_2012_10_424,7.8,14,52.788,-132.101,8,7,1726,807,0,42.7,0,2012,10
eq_2012_10_425,6.5,17,10.086,-85.298,6,6,745,691,0,34.4,0,2012,10
eq_2012_10_426,6.6,13,-4.892,134.03,3,5,675,291,0,17.7,0,2012,10
eq_2012_9_427,7.3,170,1.929,-76.362,7,6,1221,934,0,15.5,0,2012,9
eq_2012_9_428,7.6,35,10.085,-85.315,8,7,1555,703,0,34.3,0,2012,9
eq_2012_8_429,7.6,28,10.811,126.638,8,5,1115,682,0,10.2,0,2012,8
eq_2012_8_430,7.3,28,12.139,-88.59,5,5,994,417,0,37,0,2012,8
eq_2012_8_431,6.6,91.1,2.19,126.837,4,5,678,497,0,14.6,0,2012,8
eq_2012_8_432,7.7,583.2,49.8,145.064,7,4,941,862,0,13.8,0,2012,8
eq_2012_7_433,6.5,41,-4.651,153.173,5,6,653,576,0,11.7,0,2012,7
eq_2012_4_434,6.6,134.7,-18.685,-174.705,4,5,675,529,0,15.7,0,2012,4
eq_2012_4_435,6.7,16,-1.617,134.276,0,7,691,370,0,15.4,0,2012,4
eq_2012_4_436,6.8,198,-5.462,147.117,6,5,732,597,0,12.6,0,2012,4
eq_2012_4_437,6.7,29,-32.625,-71.365,0,7,691,518,0,26.9,0,2012,4
eq_2012_4_438,7,13,28.696,-113.104,7,7,1000,474,0,95.9,0,2012,4
eq_2012_4_439,6.5,20,18.229,-102.689,7,6,1171,599,0,54.1,0,2012,4
eq_2012_4_440,8.2,25.1,0.802,92.463,9,6,1213,341,0,14.9,0,2012,4
eq_2012_4_441,8.6,20,2.327,93.063,9,7,2048,499,0,16.6,0,2012,4
eq_2012_3_442,7.1,40.7,-35.2,-72.217,7,7,1496,553,0,15.2,0,2012,3
eq_2012_3_443,6.6,118,-6.242,145.955,6,6,709,640,0,10.1,0,2012,3
eq_2012_3_444,7.4,20,16.493,-98.231,9,8,1752,672,0,37.9,0,2012,3
eq_2012_2_445,6.7,12,51.708,95.991,7,7,833,596,0,13.4,0,2012,2
eq_2012_2_446,6.7,11,9.999,123.206,9,7,1551,572,0,11.1,0,2012,2
eq_2012_2_447,7.1,23,-17.827,167.133,5,5,793,573,0,12,0,2012,2
eq_2012_1_448,7.2,19,2.433,93.21,4,4,838,443,0,17,0,2012,1
eq_2011_12_449,6.6,15,51.842,95.911,0,7,670,545,0,17.6,0,2011,12
eq_2011_12_450,7.1,135,-7.551,146.809,6,6,834,485,0,10.6,0,2011,12
eq_2011_12_451,6.5,59,17.986,-99.789,8,7,1400,578,0,38.6,0,2011,12
eq_2011_10_452,6.9,24,-14.438,-75.966,6,7,847,474,0,46.5,0,2011,10
eq_2011_10_453,7.1,18,38.721,43.508,9,9,1096,693,0,19.7,0,2011,10
eq_2011_10_454,6.5,37,-6.57,147.881,3,6,655,423,0,12.6,0,2011,10
eq_2011_9_455,6.9,50,27.73,88.155,8,8,1562,383,0,13,0,2011,9
eq_2011_9_456,6.7,30,40.273,142.779,5,5,712,667,0,10.9,0,2011,9
eq_2011_9_457,6.7,91,2.965,97.893,5,6,915,447,0,15.3,0,2011,9
eq_2011_9_458,7,185.1,-20.671,169.716,7,5,761,406,0,15.3,0,2011,9
eq_2011_8_459,7,147,-7.641,-74.525,6,6,913,471,0,26.9,0,2011,8
eq_2011_8_460,7.1,28,-18.311,168.218,5,6,787,564,0,12.3,0,2011,8
eq_2011_8_461,6.5,35,-18.308,168.156,0,5,650,322,0,15,0,2011,8
eq_2011_8_462,7.2,32,-18.365,168.143,8,6,813,280,0,18.4,0,2011,8
eq_2011_7_463,6.6,10,-3.518,144.828,3,6,674,229,0,16.6,0,2011,7
eq_2011_7_464,7.6,17,-29.539,-176.34,3,7,893,567,0,33.5,0,2011,7
eq_2011_6_465,6.7,33,39.955,142.205,6,6,749,592,0,24.9,0,2011,6
eq_2011_5_466,6.8,11,-20.244,168.226,4,5,734,519,0,12.5,0,2011,5
eq_2011_4_467,6.8,79,-10.375,161.2,5,6,719,445,0,13,0,2011,4
eq_2011_4_468,6.6,11,37.001,140.401,7,7,822,586,0,10.1,0,2011,4
eq_2011_4_469,7.1,42,38.276,141.588,8,8,1114,446,0,17.7,0,2011,4
eq_2011_4_470,6.6,166.2,17.208,-94.338,7,6,897,518,0,37.2,0,2011,4
eq_2011_3_471,6.9,8,20.687,99.822,7,9,1154,335,0,18.2,0,2011,3
eq_2011_3_472,6.6,25.7,39.241,142.463,6,5,673,668,0,9.5,0,2011,3
eq_2011_3_473,6.5,6.8,36.166,141.562,0,4,650,369,0,18.7,0,2011,3
eq_2011_3_474,7.7,18.6,38.058,144.59,7,4,931,507,0,10.8,0,2011,3
eq_2011_3_475,7.9,42.6,36.281,141.111,8,7,1140,163,0,48.4,0,2011,3
eq_2011_3_476,9.1,29,38.297,142.373,9,8,2184,541,0,9.5,0,2011,3
eq_2011_3_477,7.3,32,38.435,142.842,5,5,972,550,0,17.4,0,2011,3
eq_2011_2_478,6.7,21,-35.38,-72.834,5,6,731,358,0,33.9,0,2011,2
eq_2011_2_479,6.9,26,-36.422,-72.96,7,7,988,382,0,34.7,0,2011,2
eq_2011_1_480,7.2,68,28.777,63.951,7,7,1449,372,0,25.3,0,2011,1
eq_2011_1_481,7,9,-20.628,168.471,2,5,755,578,0,13.3,0,2011,1
eq_2011_1_482,7.2,24,-38.355,-73.326,8,7,1054,397,0,30.1,0,2011,1
eq_2010_12_483,7.3,16,-19.702,167.947,0,5,820,409,0,12,0,2010,12
eq_2010_12_484,6.7,12,28.412,59.18,3,7,708,279,0,24.3,0,2010,12
eq_2010_12_485,6.6,33,-6.001,149.977,0,6,670,306,0,18.5,0,2010,12
eq_2010_10_486,7.8,20.1,-3.487,100.082,4,7,946,379,0,23,0,2010,10
eq_2010_10_487,6.7,13,24.696,-109.156,5,5,776,352,0,50.3,0,2010,10
eq_2010_9_488,7,26,-4.963,133.76,8,5,772,271,0,15.1,0,2010,9
eq_2010_9_489,7,12,-43.522,171.83,8,8,1245,365,0,15.8,0,2010,9
eq_2010_8_490,7.1,206.7,-1.266,-77.306,6,5,945,672,0,12.4,0,2010,8
eq_2010_8_491,7.3,25,-17.541,168.069,7,7,850,405,0,20.2,0,2010,8
eq_2010_8_492,7,44,-5.746,150.765,4,6,757,396,0,12.7,0,2010,8
eq_2010_8_493,6.5,220,-5.486,146.822,5,4,659,403,0,11.1,0,2010,8
eq_2010_7_494,7.6,578,6.497,123.48,5,3,902,340,0,15.1,0,2010,7
eq_2010_7_495,7.3,35,-5.931,150.59,8,7,831,397,0,18.2,0,2010,7
eq_2010_7_496,6.9,28,-5.966,150.428,4,7,737,456,0,15.7,0,2010,7
eq_2010_7_497,6.6,22,-38.067,-73.31,6,7,753,295,0,52.8,0,2010,7
eq_2010_6_498,6.7,35,-10.627,161.447,5,6,696,392,0,18.7,0,2010,6
eq_2010_6_499,6.6,10.5,-2.329,136.484,0,7,670,309,0,25,0,2010,6
eq_2010_6_500,7,18,-2.174,136.543,3,7,755,307,0,18.1,0,2010,6
eq_2010_6_501,7.5,35,7.881,91.936,6,5,1144,514,0,18.6,0,2010,6
eq_2010_5_502,7.2,31,-13.698,166.643,5,6,804,327,0,11.7,0,2010,5
eq_2010_5_503,7.2,38,3.748,96.018,5,6,918,611,0,20.6,0,2010,5
eq_2010_4_504,6.9,17,33.165,96.548,6,9,773,410,0,14.9,0,2010,4
eq_2010_4_505,6.9,21,-10.878,161.116,4,5,740,399,0,12.1,0,2010,4
eq_2010_4_506,7.8,31,2.383,97.048,0,7,936,352,0,19.2,0,2010,4
eq_2010_4_507,7.2,9.987,32.2862,-115.295,9,9,2910,10,0.5137,239,0,2010,4
eq_2010_3_508,6.6,34,13.667,92.831,5,6,701,413,0,16.7,0,2010,3
eq_2010_3_509,6.7,18,-36.217,-73.257,5,6,856,312,0,34.7,0,2010,3
eq_2010_3_510,6.5,32,37.745,141.59,6,5,810,491,0,27,0,2010,3
eq_2010_3_511,7,18,-34.326,-71.799,7,7,874,403,0,17.1,0,2010,3
eq_2010_3_512,6.9,11,-34.29,-71.891,7,7,1280,415,0,12.5,0,2010,3
eq_2010_3_513,6.8,26,-3.762,100.991,4,6,717,401,0,23.2,0,2010,3
eq_2010_3_514,6.6,18,-36.665,-73.374,7,7,736,255,0,27.8,0,2010,3
eq_2010_3_515,6.5,176,-13.571,167.227,0,4,650,426,0,18.7,0,2010,3
eq_2010_2_516,7.4,35,-37.773,-75.048,0,5,842,409,0,17.6,0,2010,2
eq_2010_2_517,8.8,22.9,-36.122,-72.898,8,8,1991,454,0,17.8,0,2010,2
eq_2010_2_518,7,25,25.93,128.425,6,6,1180,487,0,15.7,0,2010,2
eq_2010_1_519,7,13,18.443,-72.571,9,9,1623,500,0,22.7,0,2010,1
eq_2010_1_520,6.5,28.737,40.652,-124.692,7,7,1360,51,0.3225,220,0,2010,1
eq_2010_1_521,6.8,15.4,-9.019,157.551,3,6,713,338,0,15,0,2010,1
eq_2010_1_522,7.1,10,-8.783,157.354,5,7,780,377,0,15,0,2010,1
eq_2010_1_523,6.6,10,-8.726,157.487,5,7,672,282,0,16.6,0,2010,1
eq_2009_11_524,6.5,27,-19.394,-70.321,6,7,698,390,0,17.7,0,2009,11
eq_2009_11_525,7.3,595,-17.239,178.331,0,4,820,430,0,15,0,2009,11
eq_2009_11_526,6.6,18,-8.207,118.631,7,6,677,305,0,20.4,0,2009,11
eq_2009_10_527,6.8,34,29.218,129.782,0,6,711,424,0,21.4,0,2009,10
eq_2009_10_528,6.9,130,-6.133,130.385,4,6,972,397,0,11,0,2009,10
eq_2009_10_529,6.8,35,-13.298,165.91,0,5,711,174,0,30.2,0,2009,10
eq_2009_10_530,7.4,31.1,-13.093,166.497,0,7,842,314,0,20.2,0,2009,10
eq_2009_10_531,7.8,35,-12.517,166.382,0,6,936,195,0,20.3,0,2009,10
eq_2009_10_532,7.7,45,-13.006,166.51,4,7,916,283,0,23.2,0,2009,10
eq_2009_10_533,6.6,9,-2.482,101.524,7,7,787,417,0,30.1,0,2009,10
eq_2009_9_534,7.6,81,-0.72,99.867,8,8,1639,498,0,14,0,2009,9
eq_2009_9_535,8.1,18,-15.489,-172.095,7,6,1055,520,0,20.8,0,2009,9
eq_2009_9_536,7,46,-7.782,107.297,7,7,1175,312,0,16.3,0,2009,9
eq_2009_8_537,6.7,20,-1.479,99.49,5,6,753,369,0,14.9,0,2009,8
eq_2009_8_538,6.6,53,32.821,140.395,4,5,703,336,0,14.1,0,2009,8
eq_2009_8_539,7.5,24,14.099,92.902,7,6,1248,303,0,18.2,0,2009,8
eq_2009_8_540,7.1,292,33.167,137.944,5,4,1005,447,0,14.2,0,2009,8
eq_2009_8_541,6.9,10,29.039,-112.903,5,7,1202,243,0,35,0,2009,8
eq_2009_7_542,7.8,12,-45.762,166.562,6,8,1165,434,0,16.8,0,2009,7
eq_2009_6_543,6.7,64,-5.157,153.782,5,5,693,269,0,13.8,0,2009,6
eq_2009_5_544,7.3,19,16.731,-86.217,7,8,1560,464,0,27.2,0,2009,5
eq_2009_3_545,7.6,31,-23.043,-174.66,7,5,916,504,0,14,0,2009,3
eq_2009_2_546,7.2,20,3.886,126.387,3,7,802,432,0,18.6,0,2009,2
eq_2009_1_547,7.4,23,-0.691,133.305,7,7,846,314,0,21.1,0,2009,1
eq_2009_1_548,6.6,204.8,36.419,70.743,5,4,765,344,0,22.6,0,2009,1
eq_2009_1_549,7.7,17,-0.414,132.885,5,7,918,288,0,29.8,0,2009,1
eq_2008_11_550,7.4,30,1.271,122.091,9,7,848,365,0,33.7,0,2008,11
eq_2008_10_551,6.7,24,14.423,-92.364,5,6,731,481,0,28.6,0,2008,10
eq_2008_10_552,6.7,27.4,39.533,73.824,0,6,691,529,0,22.3,0,2008,10
eq_2008_9_553,6.8,25,41.892,143.754,0,6,711,500,0,22.2,0,2008,9
eq_2008_9_554,6.6,96,1.885,127.363,0,6,670,463,0,14.1,0,2008,9
eq_2008_9_555,6.9,110,-13.501,166.967,0,6,732,531,0,14.9,0,2008,9
eq_2008_8_556,6.7,12,30.901,83.52,4,7,692,325,0,28,0,2008,8
eq_2008_7_557,6.8,108,39.802,141.464,8,7,1046,633,0,20.2,0,2008,7
eq_2008_7_558,7,22,37.552,142.214,5,5,840,577,0,18.2,0,2008,7
eq_2008_7_559,6.9,25.5,37.55,142.714,5,5,825,0,0,0,0,2008,7
eq_2008_6_560,6.6,17,11.005,91.824,4,5,680,630,0,18.4,0,2008,6
eq_2008_6_561,6.9,7.8,39.03,140.881,7,8,888,654,0,17.1,0,2008,6
eq_2008_5_562,7.9,19,31.002,103.322,9,9,1870,774,0,11.3,0,2008,5
eq_2008_5_563,6.9,27,36.164,141.526,5,5,910,519,0,21.1,0,2008,5
eq_2008_4_564,7.3,33,-20.071,168.892,0,6,820,486,0,13.4,0,2008,4
eq_2008_3_565,7.2,10,35.49,81.467,0,7,798,532,0,25.9,0,2008,3
eq_2008_3_566,6.9,24,13.351,125.63,4,5,740,544,0,25.9,0,2008,3
eq_2008_2_567,6.7,25,-2.245,99.808,5,6,696,543,0,15.1,0,2008,2
eq_2008_2_568,6.6,25,-2.332,99.891,4,6,674,421,0,17.7,0,2008,2
eq_2008_2_569,7.2,25,-2.486,99.972,4,7,832,505,0,18.4,0,2008,2
eq_2008_2_570,6.5,22,-2.405,99.931,4,6,654,429,0,28.3,0,2008,2
eq_2008_2_571,7.4,26,2.768,95.964,5,7,914,607,0,16.4,0,2008,2
eq_2008_2_572,6.5,28,36.345,21.863,8,5,692,650,0,30.7,0,2008,2
eq_2008_2_573,6.9,29,36.501,21.67,6,6,941,645,0,30.6,0,2008,2
eq_2008_2_574,6.5,83,16.357,-94.304,7,6,723,521,0,27.6,0,2008,2
eq_2007_12_575,6.6,20,-39.011,178.291,7,6,808,461,0,18.8,0,2007,12
eq_2007_12_576,6.7,45,-22.954,-70.182,5,7,704,481,0,30.3,0,2007,12
eq_2007_11_577,7.4,156,14.944,-61.274,7,7,1542,663,0,13.4,0,2007,11
eq_2007_11_578,6.6,16,-10.95,162.149,3,6,672,280,0,26.9,0,2007,11
eq_2007_11_579,6.5,18,-8.224,118.467,5,7,653,272,0,27.6,0,2007,11
eq_2007_11_580,6.5,20,-8.292,118.37,7,7,657,353,0,27.5,0,2007,11
eq_2007_11_581,6.8,53,-5.757,147.098,6,6,722,341,0,15.9,0,2007,11
eq_2007_11_582,6.8,122.9,-2.312,-77.838,7,6,790,649,0,27,0,2007,11
eq_2007_11_583,6.8,26,-22.925,-70.237,6,7,716,285,0,40.1,0,2007,11
eq_2007_11_584,7.7,40,-22.247,-69.89,8,7,995,610,0,22.4,0,2007,11
eq_2007_10_585,6.8,21,-3.899,101.02,3,5,713,494,0,23.9,0,2007,10
eq_2007_10_586,6.8,18,-44.796,167.553,4,7,744,338,0,19,0,2007,10
eq_2007_9_587,6.8,40,-4.99,153.5,4,5,713,348,0,15.5,0,2007,9
eq_2007_9_588,6.7,30,-1.999,100.141,3,5,696,503,0,26.9,0,2007,9
eq_2007_9_589,7,22,-2.13,99.627,4,7,768,537,0,23.1,0,2007,9
eq_2007_9_590,6.5,28.9,-1.689,99.668,0,5,650,409,0,26.2,0,2007,9
eq_2007_9_591,7.9,35,-2.625,100.841,8,7,1133,446,0,29.1,0,2007,9
eq_2007_9_592,7.8,40.5,-2.52,100.139,7,8,1152,0,0,0,0,2007,9
eq_2007_9_593,8.4,34,-4.438,101.367,0,6,1086,411,0,32.3,0,2007,9
eq_2007_9_594,6.8,15,2.966,-77.963,5,6,747,653,0,17.6,0,2007,9
eq_2007_9_595,7.2,35,-11.61,165.762,0,5,798,312,0,21.3,0,2007,9
eq_2007_8_596,6.5,15,-9.834,159.465,5,6,675,382,0,12.8,0,2007,8
eq_2007_8_597,8,39,-13.386,-76.603,9,8,1385,625,0,25.7,0,2007,8
eq_2007_8_598,7.5,280,-5.859,107.419,0,5,865,228,0,30.7,0,2007,8
eq_2007_8_599,7.2,120,-15.595,167.68,7,7,803,494,0,20.4,0,2007,8
eq_2007_7_600,6.9,25,2.872,127.464,3,5,734,374,0,24.1,0,2007,7
eq_2007_7_601,6.8,350.4,36.808,134.85,5,4,779,664,0,18.2,0,2007,7
eq_2007_7_602,6.6,12,37.535,138.446,8,8,831,782,0,16.7,0,2007,7
eq_2007_6_603,6.7,23,13.554,-90.618,6,6,972,468,0,37.7,0,2007,6
eq_2007_4_604,6.9,10,-7.306,155.741,0,7,732,305,0,15.3,0,2007,4
eq_2007_4_605,6.6,10,-7.169,155.777,0,7,670,251,0,16,0,2007,4
eq_2007_4_606,8.1,24,-8.466,157.043,9,8,1025,439,0,14.7,0,2007,4
eq_2007_3_607,6.7,8,37.336,136.588,7,8,782,493,0,23.9,0,2007,3
eq_2007_3_608,7.1,34,-20.617,169.357,3,6,779,426,0,25.3,0,2007,3
eq_2007_2_609,6.7,12,-1.034,126.976,0,6,691,253,0,40.3,0,2007,2
eq_2007_1_610,7.5,22,1.065,126.282,6,5,874,570,0,21.6,0,2007,1
eq_2007_1_611,8.1,10,46.243,154.524,4,5,1034,606,0,14,0,2007,1
eq_2006_12_612,6.9,10,21.974,120.493,6,7,798,466,0,31.6,0,2006,12
eq_2006_12_613,7.1,10,21.799,120.547,8,7,1023,744,0,29.1,0,2006,12
eq_2006_11_614,8.3,10,46.592,153.266,4,7,1064,576,0,20.9,0,2006,11
eq_2006_11_615,6.6,11,-6.482,151.195,0,6,670,352,0,18.6,0,2006,11
eq_2006_10_616,6.7,23,-13.457,-76.677,5,6,732,444,0,53.4,0,2006,10
eq_2006_10_617,6.7,32,-5.881,150.982,5,6,692,533,0,15.6,0,2006,10
eq_2006_10_618,6.7,38.182,19.877,-155.935,8,9,1481,43,0,124,0,2006,10
eq_2006_9_619,6.9,28,-16.592,-172.033,3,3,737,702,0,20.9,0,2006,9
eq_2006_9_620,6.8,38,-6.759,155.512,0,6,711,459,0,28.4,0,2006,9
eq_2006_8_621,6.5,43,51.148,157.522,0,6,650,700,0,47.4,0,2006,8
eq_2006_8_622,6.8,150,-15.798,167.789,5,5,713,551,0,26.2,0,2006,8
eq_2006_7_623,7.7,20,-9.284,107.419,7,5,947,357,0,36.8,0,2006,7
eq_2006_5_624,6.5,34,-5.724,151.133,0,6,650,477,0,20.3,0,2006,5
eq_2006_5_625,6.6,19,60.772,165.743,0,7,670,548,0,28,0,2006,5
eq_2006_5_626,6.8,12,0.093,97.05,4,5,719,701,0,16.3,0,2006,5
eq_2006_5_627,8,55,-20.187,-174.123,7,7,1013,626,0,20.7,0,2006,5
eq_2006_5_628,8,60.5,-19.99,-173.907,8,9,1026,0,0,0,0,2006,5
eq_2006_4_629,6.5,12,-27.211,-71.056,7,7,653,282,0,46.3,0,2006,4
eq_2006_4_630,6.7,12,-27.017,-71.022,6,7,696,277,0,25.6,0,2006,4
eq_2006_4_631,6.6,11,60.491,167.516,0,8,670,645,0,28.4,0,2006,4
eq_2006_4_632,7.6,22,60.949,167.089,0,8,889,579,0,18.5,0,2006,4
eq_2006_4_633,6.5,14,-16.527,176.989,3,5,654,247,0,25.5,0,2006,4
eq_2006_3_634,6.7,30.1,-3.595,127.214,0,7,691,306,0,21.3,0,2006,3
eq_2006_2_635,7,11,-21.324,33.583,5,9,891,412,0,23.2,0,2006,2
eq_2006_1_636,6.7,66,36.311,23.212,7,6,934,769,0,19.7,0,2006,1
eq_2006_1_637,6.6,14,28.164,-112.117,7,6,703,323,0,48.2,0,2006,1
eq_2005_12_638,6.5,224.6,36.357,71.093,6,5,721,529,0,20.5,0,2005,12
eq_2005_12_639,6.8,22,-6.224,29.83,5,7,744,561,0,20,0,2005,12
eq_2005_12_640,6.5,29,38.089,142.122,4,5,683,464,0,48.8,0,2005,12
eq_2005_11_641,6.5,21,2.164,96.786,3,6,651,358,0,20.7,0,2005,11
eq_2005_11_642,6.8,147,-22.361,-67.895,0,6,711,509,0,30.1,0,2005,11
eq_2005_10_643,7.6,26,34.539,73.588,9,9,1267,724,0,21.1,0,2005,10
eq_2005_9_644,6.6,25,-5.437,151.84,0,6,670,402,0,17.7,0,2005,9
eq_2005_9_645,7.5,115,-5.678,-76.398,8,7,1018,696,0,26.2,0,2005,9
eq_2005_9_646,7.6,90,-4.539,153.474,5,7,891,502,0,20,0,2005,9
eq_2005_8_647,7.2,36,38.276,142.039,7,7,1104,698,0,19.6,0,2005,8
eq_2005_7_648,7.2,16,7.92,92.19,4,5,808,636,0,26.4,0,2005,7
eq_2005_7_649,6.7,21,1.819,97.082,3,6,693,398,0,22.3,0,2005,7
eq_2005_7_650,6.6,27,11.245,-86.172,6,5,719,446,0,21.1,0,2005,7
eq_2005_6_651,7.2,16,41.292,-125.953,5,4,1318,420,0,31.4,0,2005,6
eq_2005_6_652,7.8,115.6,-19.987,-69.197,8,7,1020,714,0,16.1,0,2005,6
eq_2005_5_653,6.9,30,1.989,97.041,5,7,740,635,0,26,0,2005,5
eq_2005_5_654,6.7,34,0.587,98.459,6,5,731,695,0,20.9,0,2005,5
eq_2005_4_655,6.5,30,-1.714,99.779,3,6,657,478,0,21.2,0,2005,4
eq_2005_4_656,6.7,19,-1.644,99.607,5,6,717,656,0,21.2,0,2005,4
eq_2005_3_657,8.6,30,2.085,97.108,0,8,1138,510,0,22.1,0,2005,3
eq_2005_3_658,6.6,10,33.807,130.131,8,7,805,401,0,22.9,0,2005,3
eq_2005_3_659,7.1,201.7,-6.527,129.933,0,5,776,569,0,18.1,0,2005,3
eq_2005_2_660,6.8,36,2.908,95.592,0,6,711,444,0,33.8,0,2005,2
eq_2005_2_661,6.5,10,-5.562,122.129,0,7,650,371,0,31.8,0,2005,2
eq_2005_2_662,6.5,39.7,4.756,126.421,3,5,652,286,0,47.3,0,2005,2
eq_2005_2_663,6.7,206.3,-14.252,167.259,0,4,691,457,0,30.2,0,2005,2
eq_2005_2_664,7.1,525,5.293,123.337,7,3,782,640,0,26.4,0,2005,2
eq_2005_1_665,6.6,27.8,34.064,141.491,6,4,676,225,0,78.5,0,2005,1
eq_2004_12_666,6.6,16.1,8.879,92.375,0,5,670,353,0,31.9,0,2004,12
eq_2004_12_667,7.2,39.2,6.91,92.958,5,6,802,385,0,27.9,0,2004,12
eq_2004_12_668,9.1,30,3.295,95.982,0,8,1274,601,0,22,0,2004,12
eq_2004_12_669,8.1,10,-49.312,161.345,0,5,1009,331,0,59.3,0,2004,12
eq_2004_12_670,6.8,10,18.958,-81.409,5,6,858,639,0,21.8,0,2004,12
eq_2004_12_671,6.8,35,42.9,145.228,4,7,724,759,0,23.6,0,2004,12
eq_2004_11_672,7,39,43.006,145.119,4,7,771,929,0,23.9,0,2004,11
eq_2004_11_673,7.1,10,-3.609,135.404,0,7,776,439,0,28.8,0,2004,11
eq_2004_11_674,7.1,10,-46.676,164.721,5,5,782,585,0,14.7,0,2004,11
eq_2004_11_675,7.2,15,4.695,-77.508,8,8,820,708,0,50.2,0,2004,11
eq_2004_11_676,7.5,10,-8.152,124.868,5,7,870,301,0,33.8,0,2004,11
eq_2004_11_677,6.7,10,-11.128,162.208,0,6,691,233,0,21.5,0,2004,11
eq_2004_11_678,6.7,10,49.277,-128.772,7,4,703,459,0,37.3,0,2004,11
eq_2004_10_679,6.6,16,37.226,138.779,0,8,670,782,0,37,0,2004,10
eq_2004_10_680,6.7,94,24.53,122.694,5,6,705,698,0,24.7,0,2004,10
eq_2004_10_681,7,35,11.422,-86.665,0,6,754,441,0,32.2,0,2004,10
eq_2004_10_682,6.5,105,13.925,120.534,5,5,665,526,0,18.3,0,2004,10
eq_2004_10_683,6.8,36,-10.951,162.161,0,6,711,545,0,15.7,0,2004,10
eq_2004_9_684,6.6,10,33.205,137.227,0,4,670,478,0,29.8,0,2004,9
eq_2004_9_685,7.4,10,33.184,137.071,0,5,842,594,0,27.5,0,2004,9
eq_2004_9_686,7.2,14,33.07,136.618,0,5,798,643,0,28.4,0,2004,9
eq_2004_8_687,6.5,5,-35.173,-70.525,0,7,650,349,0,30.1,0,2004,8
eq_2004_7_688,6.5,13.4,-0.443,133.091,0,7,650,305,0,39,0,2004,7
eq_2004_6_689,6.9,188.6,55.682,160.003,0,5,732,798,0,31.2,0,2004,6
eq_2004_5_690,6.6,21,-37.695,-73.406,0,7,670,282,0,46.9,0,2004,5
eq_2004_4_691,6.7,65.8,-9.362,122.839,0,5,691,386,0,27.6,0,2004,4
eq_2004_4_692,6.5,228.4,-13.174,167.198,0,4,650,424,0,29.9,0,2004,4
eq_2004_4_693,6.6,187.1,36.512,71.029,0,4,670,728,0,18.3,0,2004,4
eq_2004_2_694,6.7,25.7,-3.665,135.339,0,7,691,256,0,33.3,0,2004,2
eq_2004_2_695,7.3,10,-4.003,135.023,0,7,820,390,0,23,0,2004,2
eq_2004_2_696,7,16.6,-3.615,135.538,0,7,754,367,0,33,0,2004,2
eq_2004_1_697,6.7,17.4,-3.12,127.4,0,6,691,243,0,42.5,0,2004,1
eq_2003_12_698,7.3,10,-22.015,169.766,0,4,820,235,0,46.6,0,2003,12
eq_2003_12_699,6.6,10,28.995,58.311,0,9,670,552,0,44.8,0,2003,12
eq_2003_12_700,6.5,33,8.416,-82.824,0,6,650,405,0,48.4,0,2003,12
eq_2003_12_701,6.5,8.382,35.7005,-121.101,7,9,1390,65,0.04685,71,0,2003,12
eq_2003_12_702,6.8,10,23.039,121.362,0,7,711,447,0,27.7,0,2003,12
eq_2003_11_703,6.6,35,-5.581,150.88,0,6,670,384,0,25.1,0,2003,11
eq_2003_11_704,6.5,35,12.025,125.416,0,6,650,487,0,45.9,0,2003,11
eq_2003_11_705,6.6,113.7,-19.262,168.892,0,5,670,475,0,26.2,0,2003,11
eq_2003_10_706,7,10,37.812,142.619,0,5,754,568,0,61.2,0,2003,10
eq_2003_10_707,6.7,32,42.648,144.57,0,6,691,556,0,55.4,0,2003,10
eq_2003_10_708,6.7,10,50.211,87.721,0,7,691,643,0,24.5,0,2003,10
eq_2003_9_709,6.5,25,42.45,144.38,0,5,650,586,0,71.3,0,2003,9
eq_2003_9_710,7.3,16,50.038,87.813,0,7,820,667,0,24.5,0,2003,9
eq_2003_9_711,7.4,33,41.774,143.593,0,7,842,514,0,78.8,0,2003,9
eq_2003_9_712,8.16,27,41.815,143.91,0,9,1024,0,0,0,0,2003,9
eq_2003_9_713,6.6,10,19.917,95.672,0,7,670,518,0,24.7,0,2003,9
eq_2003_8_714,7.2,28,-45.104,167.144,0,7,798,428,0,17.5,0,2003,8
eq_2003_8_715,7.6,10,-60.532,-43.411,0,6,889,315,0,25.2,0,2003,8
eq_2003_7_716,6.5,33,-3.828,152.174,0,6,650,156,0,31.4,0,2003,7
eq_2003_6_717,6.8,33,-30.608,-71.637,0,7,711,398,0,39.1,0,2003,6
eq_2003_6_718,6.9,174.8,55.492,159.999,0,5,732,733,0,26.7,0,2003,6
eq_2003_6_719,6.6,33,-5.095,152.502,0,6,670,419,0,27.8,0,2003,6
eq_2003_5_720,7,31,2.354,128.855,0,6,754,473,0,30.3,0,2003,5
eq_2003_5_721,7,68,38.849,141.568,0,7,754,690,0,19.1,0,2003,5
eq_2003_5_722,6.8,12,36.964,3.634,0,9,711,534,0,19.4,0,2003,5
eq_2003_3_723,6.5,33,-8.294,120.743,0,7,650,247,0,28.7,0,2003,3
eq_2003_3_724,6.8,40.2,-4.694,153.238,0,7,711,431,0,38.4,0,2003,3
eq_2003_1_725,7.6,24,18.77,-104.104,0,7,889,551,0,0,0,2003,1
eq_2003_1_726,6.5,24,13.626,-90.774,0,6,650,316,0,0,0,2003,1
eq_2003_1_727,7.3,33,-10.491,160.77,0,6,820,457,0,0,0,2003,1
eq_2003_1_728,6.7,71.9,-5.311,153.701,0,5,691,323,0,0,0,2003,1
eq_2002_12_729,6.7,34,-4.786,153.275,0,6,691,453,0,0,0,2002,12
eq_2002_11_730,7.9,4.2,63.5141,-147.453,8,9,1750,0,0,0,0,2002,11
eq_2002_11_731,7.4,30,2.824,96.085,0,7,842,418,0,0,0,2002,11
eq_2002_10_732,6.6,4.2,63.5144,-147.912,0,7,670,0,0,0,0,2002,10
eq_2002_10_733,6.7,10,-1.511,133.973,0,7,691,250,0,0,0,2002,10
eq_2002_10_734,7.6,10,-1.757,134.297,0,7,889,375,0,0,0,2002,10
eq_2002_9_735,6.5,21,13.036,93.068,0,6,650,646,0,0,0,2002,9
eq_2002_9_736,7.6,13,-3.302,142.945,0,7,889,428,0,0,0,2002,9
eq_2002_8_737,6.5,30,14.101,146.199,0,4,650,260,0,0,0,2002,8
eq_2002_7_738,6.5,10,7.929,-82.793,0,7,650,533,0,0,0,2002,7
eq_2002_6_739,6.5,10,35.626,49.047,0,8,650,555,0,0,0,2002,6
eq_2002_6_740,6.6,54,-30.805,-71.124,0,7,670,420,0,0,0,2002,6
eq_2002_6_741,6.7,33,-12.592,166.383,0,5,691,272,0,0,0,2002,6
eq_2002_4_742,7.1,85.7,13.088,144.619,0,7,776,257,0,0,0,2002,4
eq_2002_4_743,6.7,62,-27.535,-70.586,0,7,691,462,0,0,0,2002,4
eq_2002_4_744,6.8,24.9,16.985,-100.865,0,6,711,292,0,0,0,2002,4
eq_2002_3_745,7.1,32.8,24.279,122.179,0,6,776,550,0,0,0,2002,3
eq_2002_3_746,6.5,125.1,-21.663,-68.329,0,5,650,486,0,0,0,2002,3
eq_2002_3_747,7.5,31,6.033,124.249,0,7,865,321,0,0,0,2002,3
eq_2002_3_748,7.4,225.6,36.502,70.482,0,5,842,138,0,0,0,2002,3
eq_2002_2_749,6.6,39,-5.345,151.248,0,6,670,444,0,0,0,2002,2
eq_2002_2_750,6.5,5,38.573,31.271,0,7,650,482,0,0,0,2002,2
eq_2002_1_751,6.7,11,-3.212,142.427,0,8,691,333,0,0,0,2002,1
eq_2002_1_752,6.6,10,-17.664,168.004,0,6,670,386,0,0,0,2002,1
eq_2002_1_753,7.2,21,-17.6,167.856,0,6,798,427,0,0,0,2002,1
eq_2001_12_754,6.8,16,-9.613,159.53,0,7,711,385,0,0,0,2001,12
eq_2001_12_755,6.8,14,23.954,122.734,0,5,711,499,0,0,0,2001,12
eq_2001_12_756,6.5,123.8,39.402,141.089,0,5,650,605,0,0,0,2001,12
eq_2001_11_757,7.8,10,35.946,90.541,0,9,936,368,0,0,0,2001,11
eq_2001_10_758,7,33,-5.912,150.196,0,7,754,254,0,0,0,2001,10
eq_2001_10_759,7.5,33,-4.102,123.907,0,6,865,234,0,0,0,2001,10
eq_2001_10_760,7,37,12.686,144.98,0,6,754,482,0,0,0,2001,10
eq_2001_9_761,6.5,33,-0.578,133.13,0,6,650,174,0,0,0,2001,9
eq_2001_7_762,6.6,131.8,58.775,-154.701,6,6,754,0,0,0,0,2001,7
eq_2001_7_763,6.5,10,39.059,24.244,0,8,650,483,0,0,0,2001,7
eq_2001_7_764,7.6,33,-17.543,-72.077,0,7,889,398,0,0,0,2001,7
eq_2001_7_765,6.6,62,-16.086,-73.987,0,7,670,324,0,0,0,2001,7
eq_2001_6_766,6.7,24,-17.745,-71.649,0,6,691,422,0,0,0,2001,6
eq_2001_6_767,8.4,33,-16.265,-73.641,0,8,1086,518,0,0,0,2001,6
eq_2001_4_768,6.7,17,-7.41,155.865,0,6,691,282,0,0,0,2001,4
eq_2001_3_769,6.8,50,34.083,132.526,0,7,711,596,0,0,0,2001,3
eq_2001_3_770,6.5,33,-4.029,128.02,0,6,650,206,0,0,0,2001,3
eq_2001_2_771,6.8,51.798,47.149,-122.727,7,7,1441,67,0,31,0,2001,2
eq_2001_2_772,7.1,35,1.271,126.249,0,7,776,426,0,0,0,2001,2
eq_2001_2_773,7.4,36,-4.68,102.562,0,6,842,221,0,0,0,2001,2
eq_2001_2_774,6.6,10,13.671,-88.938,0,8,670,273,0,0,0,2001,2
eq_2001_1_775,7.7,16,23.419,70.232,0,9,912,472,0,0,0,2001,1
eq_2001_1_776,6.9,28,-4.022,101.776,0,6,732,117,0,0,0,2001,1
eq_2001_1_777,7.7,60,13.049,-88.66,0,8,912,427,0,0,0,2001,1
eq_2001_1_778,6.9,36.4,56.7744,-153.281,5,7,745,0,0,0,0,2001,1
eq_2001_1_779,7.1,103,-14.928,167.17,0,7,776,372,0,0,0,2001,1
eq_2001_1_780,6.8,33,6.631,126.899,0,5,711,64,0,0,0,2001,1
eq_2001_1_781,7.5,33,6.898,126.579,0,7,865,324,0,0,0,2001,1